fid,ID,FEATCODE,layer,area,BUA22NM,perimeter
1,657BCB95-36FD-41DE-9963-FA1FD64DB12B,25609,TQ_SurfaceWater_Area,184643,Brighton and Hove,8187
2,7BF6FE1D-5941-4E87-8999-33A42492637E,25609,SO_SurfaceWater_Area,119785,Cheltenham,47022
3,431FA5D2-CB88-4AE8-A0B2-316BE6F17BD3,25609,NS_SurfaceWater_Area,239307,Falkirk,36923
4,E1D69F08-F362-475C-9BAA-764120DD3524,25609,TQ_SurfaceWater_Area,353317,Gillingham (Medway),11731
5,60CF538B-90E3-44C1-BFF0-0D15BAF197CF,25609,SO_SurfaceWater_Area,274426,Tipton,40419
6,6427B11C-6C4D-4D16-8559-31BA3F382B85,25609,SJ_SurfaceWater_Area,147565,Hyde (Tameside),25978
7,2B98B718-C32E-484A-939E-68164B3F50D9,25609,TA_SurfaceWater_Area,89484,Humberston and New Waltham,26946
8,A11C54E5-2CE5-42B4-A2DF-60AC1BC50089,25609,SO_SurfaceWater_Area,123761,Stroud,32548
9,2B3E0FEB-FF59-4BE3-A1C2-0F413391446F,25609,TA_SurfaceWater_Area,1087967,Kingston upon Hull,112829
10,8982B9AC-5D0D-45CB-9CCE-DCC3D58760F1,25609,TQ_SurfaceWater_Area,793671,Hounslow,112699
11,308C0557-1E83-417C-8D71-0E65798C1D99,25609,SD_SurfaceWater_Area,191085,Middleton (Rochdale),35202
12,2754CB4F-8F3C-497D-ABE3-2928D7A1004C,25609,SD_SurfaceWater_Area,220602,Rawtenstall,46735
13,68A42F23-86E8-4994-87F2-8E5E7C9F6951,25609,TQ_SurfaceWater_Area,510562,Sevenoaks,25654
14,6340D816-37B7-4453-B000-4F8E9D3E470F,25609,SO_SurfaceWater_Area,111939,Stourbridge,26128
15,277DBEE1-1FDA-41A4-A5EC-607BF5836343,25609,SU_SurfaceWater_Area,369668,Abingdon-on-Thames,50002
16,CD59EA9C-A7BF-4FCC-8CC4-549CE83209FE,25609,TF_SurfaceWater_Area,1691071,Peterborough,197863
17,F02C4DF1-B3B1-47FE-ABC4-F5A86147329F,25609,SK_SurfaceWater_Area,68762,Wigston,17742
18,4B8D704F-E839-4AEA-9873-8E9CA24ED8C2,25609,SP_SurfaceWater_Area,1788739,Milton Keynes,182218
19,C69E833A-5AB9-4F07-998C-D5FD2D266EC8,25609,NZ_SurfaceWater_Area,42356,Blyth (Northumberland),8550
20,92FBB201-09D6-43F2-A5F8-B68CCF1AAD20,25609,TQ_SurfaceWater_Area,550155,Ealing,86979
21,CA2A7F8F-EBC3-455C-A6D3-950567CC11CA,25609,SP_SurfaceWater_Area,1678166,Northampton,211194
22,41FEC5BE-D528-4D04-95E3-D70380688E32,25609,SP_SurfaceWater_Area,138484,Rushden,9976
23,A379704A-5357-4F5C-BA66-8B1991D8CEE5,25609,TA_SurfaceWater_Area,14829,Bridlington,8814
24,09254CF8-00C0-4362-9F82-1FE776920B93,25609,TL_SurfaceWater_Area,27029,Hatfield,9099
25,10307F03-3D72-4BE9-B101-9BE9A1EBBBAA,25609,SP_SurfaceWater_Area,254502,Corby,50446
26,8E8D0A68-EC3F-437B-B4FA-0C133EF6D07D,25609,SJ_SurfaceWater_Area,53937,Huyton with Roby,16025
27,92FBB201-09D6-43F2-A5F8-B68CCF1AAD20,25609,TQ_SurfaceWater_Area,380085,City of Westminster,27016
28,760E9B0C-6020-4D78-B3A0-23B08567EF9A,25609,NZ_SurfaceWater_Area,80420,Tynemouth,10195
29,D0EE9609-FBED-4660-B6E3-98E4462F08C9,25609,TQ_SurfaceWater_Area,152096,Hookwood,37055
30,23F43C70-8899-4A4A-A0F2-07F97C352434,25609,TQ_SurfaceWater_Area,185866,Camden,15447
31,6B301033-C029-4924-B01C-C02207DC39EA,25609,TQ_SurfaceWater_Area,140778,Redhill (Reigate and Banstead),17040
32,632F6835-FF92-4910-A678-3F4796901ED4,25609,TQ_SurfaceWater_Area,145651,Southend-on-Sea,49995
33,09B0B629-CFD8-43E3-B2E2-2C8B42D8EDFD,25609,SE_SurfaceWater_Area,837279,Wakefield,80852
34,8985AAF4-4339-4E88-98C8-3F910816615D,25609,SJ_SurfaceWater_Area,764739,Old Trafford,39949
35,C0D53BC2-CCA6-40A6-A334-CF3D5BAE2FCF,25609,TL_SurfaceWater_Area,96636,Witham,22255
36,FC557A87-962C-4EE2-B913-6E53D1458647,25609,SZ_SurfaceWater_Area,270884,"Christchurch (Bournemouth, Christchurch and Poole)",67946
37,DE135381-E796-44B9-92A1-B3539F3B7162,25609,NS_SurfaceWater_Area,223453,Motherwell,30001
38,8FAE69CF-AB08-4609-AD53-3341E1329520,25609,ST_SurfaceWater_Area,75676,Frome,17538
39,EC9C5249-5018-4C06-B31B-D133F3422AD9,25609,SK_SurfaceWater_Area,91797,Grantham,29820
40,09AC46E8-B5CF-4846-A94A-706D651AE8E0,25609,SU_SurfaceWater_Area,473850,Caversham,22453
41,C97C3862-3079-4556-9997-EC4ECA409230,25609,SE_SurfaceWater_Area,496005,Castleford,45388
42,F34BAADF-C2EB-4BFC-B1B6-BD91CB972855,25609,NS_SurfaceWater_Area,302967,Livingston,70090
43,89C0A5B9-3C74-45A6-9425-C7B61850BFCC,25609,TL_SurfaceWater_Area,15114,Letchworth,6851
44,DDF27B33-7CD9-4044-948C-659347641930,25609,TQ_SurfaceWater_Area,651323,Havering,176934
45,FB775AF8-22F0-4398-9EFD-C83832DFF645,25609,NZ_SurfaceWater_Area,294766,Ashington (Northumberland),9691
46,DDF27B33-7CD9-4044-948C-659347641930,25609,TQ_SurfaceWater_Area,579632,Barking and Dagenham,76079
47,4464432A-8E9D-47D4-9922-FEA1AACF231E,25609,TQ_SurfaceWater_Area,391046,Bromley,81253
48,CF2D1E41-E51B-4F1A-B11E-87AD4B85BE9E,25609,ST_SurfaceWater_Area,116608,Chippenham (Wiltshire),26634
49,8BEC9320-3DCF-4CBE-931C-6DFE7B19D0DF,25609,TQ_SurfaceWater_Area,130585,Horley (Reigate and Banstead),41606
50,2580CCF9-1A3B-4209-8A95-3851780407C7,25609,SO_SurfaceWater_Area,133722,Ebbw Vale,35502
51,E43A64F2-2B8C-4EA9-B275-DB53436FEC18,25609,SP_SurfaceWater_Area,449891,Rugby,93690
52,74386DEB-887C-4B0A-BA65-2C58E09F69A6,25609,NT_SurfaceWater_Area,154065,Dunfermline,28447
53,18A72ADC-DB5B-42FE-8B9C-6803C56B6D5D,25609,NZ_SurfaceWater_Area,550653,Thornaby-on-Tees,38252
54,39BA0750-28ED-4B20-A43F-FEDD0C8A87DF,25609,SD_SurfaceWater_Area,777987,Bury (Bury),108372
55,79DE3F4F-A152-42CA-8B1A-4C137A26A323,25609,SS_SurfaceWater_Area,371239,Neath,72957
56,376C5317-DE98-4D97-A139-1C819A4D6B39,25609,SE_SurfaceWater_Area,74580,Harrogate,28105
57,0B4A2DDA-0A69-4996-B82D-0C520A081C9E,25609,NZ_SurfaceWater_Area,21711,Whitley Bay,2530
58,F403CADB-9BF1-4C81-9884-D72BC3BDFCFB,25609,TQ_SurfaceWater_Area,171720,Lewisham,36249
59,D6B12B16-D8D3-4419-8EEC-A39DF3032263,25609,SK_SurfaceWater_Area,180803,Worksop,33340
60,ACB7D0A4-FC33-4472-A7EA-A4BA4AB18677,25609,SD_SurfaceWater_Area,31904,Morecambe,25463
61,9D8DA411-E917-41E8-85CD-C0AAAE83ACE7,25609,SE_SurfaceWater_Area,62459,Catterick Garrison,31646
62,23F43C70-8899-4A4A-A0F2-07F97C352434,25609,TQ_SurfaceWater_Area,426121,Barnet,96897
63,E8FC66B4-6AB3-4CF6-8680-003CD807D1E5,25609,TQ_SurfaceWater_Area,306197,Egham,25589
64,7910CEBF-E703-4173-8596-23CD0791D461,25609,TQ_SurfaceWater_Area,287387,Merton,59662
65,DDF27B33-7CD9-4044-948C-659347641930,25609,TQ_SurfaceWater_Area,461914,Redbridge,57883
66,4F5DCAAA-211B-40B7-8693-F797A690C25D,25609,TQ_SurfaceWater_Area,61659,East Grinstead,20273
67,62686B21-09B9-4838-BA6D-85276C30FE96,25609,NS_SurfaceWater_Area,211685,Clydebank,33882
68,957D69AE-F9C4-4F7E-9490-188BB2439B76,25609,TQ_SurfaceWater_Area,527105,Kingston upon Thames,59230
69,BB06BE53-4F0F-46AD-99EC-B31B95E495FD,25609,SE_SurfaceWater_Area,418378,Halifax,55389
70,CDA5F5E4-0CC6-4034-8B90-FCF31FCC8B45,25609,TQ_SurfaceWater_Area,1434515,Richmond upon Thames,110030
71,D5B486E2-61DB-42E7-8FBA-A714D00088BC,25609,TQ_SurfaceWater_Area,171730,Wandsworth,28372
72,F4B50843-ED09-4235-912A-E32D8A96E4FE,25609,TQ_SurfaceWater_Area,78684,Gravesend,22560
73,BEA74002-1007-4045-BB2A-614411389D0D,25609,SP_SurfaceWater_Area,120723,Knowle and Dorridge,21248
74,BAAEA99A-81D3-4727-B4B5-846C4D2B035F,25609,SU_SurfaceWater_Area,69394,Stratton St Margaret,21037
75,FEA5BBCC-94BF-4707-B4D7-B0DA2EA8C2F3,25609,TL_SurfaceWater_Area,204874,Hertford,46853
76,B11539AD-3F7A-4CEC-9ACB-F7DBC95FD795,25609,SK_SurfaceWater_Area,318565,Chesterfield,83284
77,30CBE38D-75E6-46D3-B3B9-6E89B02AD381,25609,NZ_SurfaceWater_Area,13081,Eston,6108
78,344D18C0-2EA5-413E-811F-26CBDA964D1F,25609,SK_SurfaceWater_Area,558862,Carlton (Gedling),54121
79,07C7225A-38CE-4446-B255-DC9AB8A14D18,25609,SJ_SurfaceWater_Area,124825,Hale (Trafford),37106
80,E2E9806D-AC85-4BDC-8A55-04B968968F9E,25609,SP_SurfaceWater_Area,866358,Oxford,175053
81,C97C3862-3079-4556-9997-EC4ECA409230,25609,SE_SurfaceWater_Area,142237,Normanton (Wakefield),21067
82,DFF047FE-F0C6-4357-9EA2-90F8CBF7F734,25609,SE_SurfaceWater_Area,203356,Barnsley,30238
83,4177089E-71BA-4166-8C0D-CC9D21650578,25609,SP_SurfaceWater_Area,226813,Banbury,34099
84,669FCA7A-17DF-43E1-A7FF-9E842E859C22,25609,SE_SurfaceWater_Area,1454409,Doncaster,159866
85,5BE94ACD-45B9-4CD6-A855-7D35758392A0,25609,SK_SurfaceWater_Area,506473,Rotherham,58485
86,8AC06913-0AA7-415D-9393-5E323C65FF07,25609,NZ_SurfaceWater_Area,407531,Durham,33557
87,D0EE9609-FBED-4660-B6E3-98E4462F08C9,25609,TQ_SurfaceWater_Area,301479,Crawley (Crawley),72106
88,4464432A-8E9D-47D4-9922-FEA1AACF231E,25609,TQ_SurfaceWater_Area,423671,Dartford,55866
89,3DC5FC50-B28B-4163-A324-C143015D8126,25609,SX_SurfaceWater_Area,97914,Newton Abbot,19613
90,5778E76D-EDC3-4A0F-BCD2-E8828F3319CF,25609,SP_SurfaceWater_Area,2804206,Birmingham,451699
91,D0FB8A72-15B9-41E0-9A5A-C45E6042A61E,25609,SD_SurfaceWater_Area,46215,Skelmersdale,17008
92,09C649F7-72D0-4CFF-99DB-AC1C9875023E,25609,TL_SurfaceWater_Area,1362183,Waltham Forest,88824
93,309F5816-CD8D-4E6F-B23C-CE7C816D76D4,25609,SD_SurfaceWater_Area,620621,Wigan,83658
94,046030A2-3322-429C-A9E2-F7DA79459ADD,25609,SK_SurfaceWater_Area,74466,Burntwood,5941
95,DC9BC6A6-F8E7-44E8-96EC-DA0C43328F41,25609,TL_SurfaceWater_Area,94579,Stevenage,17856
96,697208F2-51CD-44C5-A100-195FBF8CAB74,25609,TQ_SurfaceWater_Area,678463,Rickmansworth,80894
97,2C7F79D8-9C64-476A-919C-4470E45588CB,25609,SK_SurfaceWater_Area,904314,Derby,121998
98,3E0DF59F-E126-419E-B5DC-895CD7D4AEDD,25609,TG_SurfaceWater_Area,911754,Norwich,178732
99,C796729E-CB72-4E37-BA6E-D9240CF66C94,25609,TF_SurfaceWater_Area,164192,Wisbech,107726
100,01765331-6BD0-4285-8E7E-E63299380209,25609,ST_SurfaceWater_Area,243068,Kingswood and Fishponds,59923
101,F35C6FAC-FB03-4C5A-9A94-A075D26B9D8E,25609,TR_SurfaceWater_Area,49075,Ramsgate,1369
102,D5B486E2-61DB-42E7-8FBA-A714D00088BC,25609,TQ_SurfaceWater_Area,29411,Lambeth,5285
103,BFA2A03E-6654-4406-A627-0171796D347F,25609,TF_SurfaceWater_Area,209547,Skegness,89800
104,EF09DCA2-EA46-4B25-AF03-7D909C73ED08,25609,SU_SurfaceWater_Area,19258,Beaconsfield,2330
105,880DBC97-634A-4138-8115-84D52C069FED,25609,SU_SurfaceWater_Area,145104,Southampton,53343
106,CCED79E5-F497-4CB3-A98E-EEAAB2003788,25609,TQ_SurfaceWater_Area,488238,Slough,57026
107,F34BAADF-C2EB-4BFC-B1B6-BD91CB972855,25609,NS_SurfaceWater_Area,138753,Bathgate,30131
108,A68C2933-96B2-4CA4-A4A5-5D76FA32FDF1,25609,SU_SurfaceWater_Area,87168,Basingstoke,29455
109,DDF27B33-7CD9-4044-948C-659347641930,25609,TQ_SurfaceWater_Area,526414,Bexley,107510
110,D57E5F31-6C00-4C41-9B8A-B4DCD76BE508,25609,SJ_SurfaceWater_Area,195876,Macclesfield,37618
111,2EDB8260-C78D-40C7-8962-3B870EF5DF87,25609,TQ_SurfaceWater_Area,218824,"New Haw, West Byfleet and Sheerwater",47386
112,7E97085C-B576-4601-B228-0AA99166F8E2,25609,ST_SurfaceWater_Area,613287,Bristol,102101
113,EE2CC069-24F0-4B0D-9D5A-5E15EA1D9777,25609,SD_SurfaceWater_Area,237441,Kendal,27737
114,A95072D0-78AB-4C18-BAB2-91F36EED65BB,25609,TL_SurfaceWater_Area,375473,Hemel Hempstead,52185
115,1F73EE5A-EE6F-48D9-891A-610E489A2C4C,25609,SE_SurfaceWater_Area,472847,Dewsbury,53387
116,AE4E3B36-4121-47DC-8137-38041F202EC3,25609,NZ_SurfaceWater_Area,99446,Bishop Auckland,23754
117,7DED1D6A-D18F-4838-8318-19CAD9F215C9,25609,NZ_SurfaceWater_Area,21241,Longbenton,13148
118,D35BF0BC-5D54-4F8C-962B-E0644AF6A419,25609,SJ_SurfaceWater_Area,1613479,Runcorn,103809
119,272DFB0E-38C9-4736-81ED-0625C79413CB,25609,NY_SurfaceWater_Area,123479,Whitehaven,10061
120,57609C76-020C-453D-BC41-A2AA6F9A2B9E,25609,NS_SurfaceWater_Area,227028,Ayr,36620
121,C234A76E-2F17-4B77-BCF7-D840CC221943,25609,SJ_SurfaceWater_Area,619043,St Helens (St. Helens),86104
122,087F34CD-739D-4F3A-90D4-3B054E9CC0C5,25609,SP_SurfaceWater_Area,43651,Dunstable,1268
123,CAB9C043-E6DF-43C4-8997-9EDF761432C2,25609,TL_SurfaceWater_Area,69866,Hitchin,26874
124,B2766DCB-8E00-443D-84B5-FD8BE0C3CF1D,25609,NS_SurfaceWater_Area,262865,Kirkintilloch,56005
125,879C16C2-DD75-4F14-85B0-A9E94D1FC9A3,25609,SK_SurfaceWater_Area,79532,Hucknall,18271
126,43F65917-FE9E-41EC-BC9C-73EAB63FB389,25609,TQ_SurfaceWater_Area,18227,Tadworth and Epsom Downs,1596
127,CBC2DFE5-E24E-4074-8DC8-919B414A74DB,25609,SK_SurfaceWater_Area,35542,Wickersley and Bramley,1885
128,9BD9CDB6-19AC-4283-A5F4-A06BD05B3F4A,25609,SU_SurfaceWater_Area,61976,Farnham,28948
129,62E05926-2871-46E1-9B19-463482790441,25609,SK_SurfaceWater_Area,298488,Loughborough,65265
130,769479E2-ACC5-4FC3-94DD-53FEED3C2ABA,25609,SU_SurfaceWater_Area,121427,High Wycombe,28925
131,23F43C70-8899-4A4A-A0F2-07F97C352434,25609,TQ_SurfaceWater_Area,151868,Harrow,41270
132,4128D0BC-BA1F-42AF-B671-017211C4CB23,25609,SD_SurfaceWater_Area,97890,Leyland,30371
133,B6498ED0-A1BB-487C-BA37-59DDAB19537E,25609,SP_SurfaceWater_Area,260772,Nuneaton,56392
134,E0973950-137A-44A0-8220-A5A489A2F270,25609,TQ_SurfaceWater_Area,420510,Watford (Watford),67697
135,09254CF8-00C0-4362-9F82-1FE776920B93,25609,TL_SurfaceWater_Area,136252,Welwyn Garden City,23190
136,82FA67A2-5298-4499-97FE-279FDB842B0F,25609,ST_SurfaceWater_Area,882428,Penarth,25099
137,DC392443-FAA2-4B7C-8444-58E3B909E877,25609,TL_SurfaceWater_Area,44116,Burton End,9763
138,47BAEF0C-3B64-40EF-8CC4-7A5423BCB5C6,25609,ST_SurfaceWater_Area,1649620,Newport (Newport),307541
139,6340D816-37B7-4453-B000-4F8E9D3E470F,25609,SO_SurfaceWater_Area,275454,Dudley (Dudley),37373
140,6793C18F-F765-4A51-BA39-C0C7CCCDE990,25609,TR_SurfaceWater_Area,254098,Canterbury,48517
141,8844220C-098F-45A8-BC3A-6E76F989A92F,25609,TG_SurfaceWater_Area,99553,Great Yarmouth,52210
142,FFB0A021-A156-453C-BAE5-735EACCE61F5,25609,SP_SurfaceWater_Area,262217,Kettering,42390
143,6B40346D-EB92-42AE-91FC-C7AE0DB5F871,25609,SP_SurfaceWater_Area,551862,Tamworth,75445
144,6082F3D7-C32C-4DD2-8A7E-5AC5C1A8994D,25609,SJ_SurfaceWater_Area,40021,Heswall,10294
145,E27D0BFD-6F78-4560-B81E-6E90EC8D6606,25609,TQ_SurfaceWater_Area,126553,Brentwood,22260
146,ADCCA54A-45E9-42E9-B315-DB27438CFD5F,25609,SD_SurfaceWater_Area,58562,Ashton-in-Makerfield,16289
147,DFA94A5F-11F1-4B0E-BA0B-FC0488BFAA18,25609,SU_SurfaceWater_Area,412116,Aldershot,41230
148,5591ADBC-AA42-4D53-A374-32537BAFDAB2,25609,TL_SurfaceWater_Area,48155,Haverhill,18663
149,768047CE-F854-4406-A9B7-9ABC44CA848B,25609,NZ_SurfaceWater_Area,327601,Darlington,61680
150,6340D816-37B7-4453-B000-4F8E9D3E470F,25609,SO_SurfaceWater_Area,234810,Kingswinford,32679
151,8FA38002-3B0E-4EBA-90C3-A4DEA1C134EF,25609,SP_SurfaceWater_Area,207937,Wellingborough,49827
152,23F43C70-8899-4A4A-A0F2-07F97C352434,25609,TQ_SurfaceWater_Area,428212,Brent,52330
153,7D6B8ADD-63EE-447F-981F-2919DDCB2C8D,25609,SO_SurfaceWater_Area,157841,Oldbury (Sandwell),23747
154,A80A2998-42CB-4FB8-9495-7E35821BC63C,25609,NZ_SurfaceWater_Area,597762,Stockton-on-Tees,60038
155,8985AAF4-4339-4E88-98C8-3F910816615D,25609,SJ_SurfaceWater_Area,1034912,Salford,54033
156,79D95121-82B6-4F8A-B960-9C340E715475,25609,NS_SurfaceWater_Area,51977,Airdrie,16175
157,3678F0D8-8DC5-4CC1-8778-BDC3789C22F6,25609,TL_SurfaceWater_Area,100280,St Albans,19499
158,C6A65CC3-80A2-4985-A41B-5FA94373A62D,25609,SU_SurfaceWater_Area,77570,Lee-on-the-Solent,8801
159,33F293F7-CB24-4401-8BA0-7CD0BD530526,25609,TQ_SurfaceWater_Area,269232,Guildford,39709
160,07C7225A-38CE-4446-B255-DC9AB8A14D18,25609,SJ_SurfaceWater_Area,152939,Wythenshawe,55123
161,A80A2998-42CB-4FB8-9495-7E35821BC63C,25609,NZ_SurfaceWater_Area,253453,Billingham,30531
162,655F622D-A7FF-4C03-8840-AF68A03C2534,25609,ST_SurfaceWater_Area,262037,Weston-super-Mare,136056
163,8548CEF6-47C6-434C-97BD-D22D37E9ACBF,25609,TQ_SurfaceWater_Area,599300,Hackney,39807
164,FC557A87-962C-4EE2-B913-6E53D1458647,25609,SZ_SurfaceWater_Area,398899,Poole,30695
165,18A72ADC-DB5B-42FE-8B9C-6803C56B6D5D,25609,NZ_SurfaceWater_Area,79821,Redcar,12085
166,14099175-5A75-4C00-8BA1-16BDB1F12662,25609,TF_SurfaceWater_Area,47334,Dereham,16845
167,F68B8EE4-410F-4B01-BF8A-B56A39FC885B,25609,SD_SurfaceWater_Area,92633,Kirkby,33233
168,8E8D0A68-EC3F-437B-B4FA-0C133EF6D07D,25609,SJ_SurfaceWater_Area,49284,Prescot,10803
169,3342A25A-4570-4E26-9AF2-6485466D7E77,25609,NS_SurfaceWater_Area,1767305,Glasgow,225029
170,E0973950-137A-44A0-8220-A5A489A2F270,25609,TQ_SurfaceWater_Area,37771,Bushey,13883
171,697208F2-51CD-44C5-A100-195FBF8CAB74,25609,TQ_SurfaceWater_Area,50809,Chorleywood,10864
172,E86F8B7B-647E-49E4-A729-2A1D1CE61922,25609,SK_SurfaceWater_Area,113463,Ripley (Amber Valley),12060
173,E547EBFB-3BCE-4B16-BCA0-6D6AE5A0C2B0,25609,TQ_SurfaceWater_Area,173701,Hastings,36543
174,D63B2B3F-04D8-4C87-B54F-4112DA169E7A,25609,ST_SurfaceWater_Area,595336,Barry (Vale of Glamorgan),36738
175,05C89C51-6856-41B7-94CE-3F6F4217E657,25609,SK_SurfaceWater_Area,248287,West Bridgford,27664
176,23F43C70-8899-4A4A-A0F2-07F97C352434,25609,TQ_SurfaceWater_Area,25989,Borehamwood,11436
177,1FB143B0-1D2C-4B21-8FAB-67696C86FF10,25609,SD_SurfaceWater_Area,59823,Oldham,15131
178,AD5C067D-CA8A-48A4-8927-839D135CA182,25609,TL_SurfaceWater_Area,226381,Sudbury,47659
179,957D69AE-F9C4-4F7E-9490-188BB2439B76,25609,TQ_SurfaceWater_Area,41780,Epsom,7448
180,4928E1B4-A275-45AB-B474-2AF1ACCFC7F2,25609,SD_SurfaceWater_Area,75363,Darwen,22729
181,9A167820-9224-4CB2-B714-A05D9EA25346,25609,SU_SurfaceWater_Area,87122,Haslemere,24353
182,5778E76D-EDC3-4A0F-BCD2-E8828F3319CF,25609,SP_SurfaceWater_Area,447992,Solihull,73196
183,E1D69F08-F362-475C-9BAA-764120DD3524,25609,TQ_SurfaceWater_Area,39037,Chatham,3703
184,C82F9D95-C86F-45E5-BE5B-92778A1569E9,25609,SD_SurfaceWater_Area,42562,Formby,21054
185,BC448C51-8F2E-4966-9668-A458813CBDAA,25609,TQ_SurfaceWater_Area,89619,Burgess Hill,22248
186,308C0557-1E83-417C-8D71-0E65798C1D99,25609,SD_SurfaceWater_Area,99545,Chadderton,22653
187,BD2BE4CA-D6D2-4F97-A8FC-1FFBDE1AA102,25609,SK_SurfaceWater_Area,193606,Sutton in Ashfield,15852
188,8534228E-68C3-47D1-AD3A-692477AD5DB4,25609,TQ_SurfaceWater_Area,47286,Crowborough,22803
189,DC57AC1B-3059-42EF-BA0C-59B3F55A89EF,25609,SU_SurfaceWater_Area,197913,Ascot,35663
190,DDF27B33-7CD9-4044-948C-659347641930,25609,TQ_SurfaceWater_Area,1176772,Newham,56773
191,E5605AA2-90F3-4B33-A545-16DE3F46F7D5,25609,NZ_SurfaceWater_Area,40107,Peterlee,21308
192,1F73EE5A-EE6F-48D9-891A-610E489A2C4C,25609,SE_SurfaceWater_Area,28781,Batley,11749
193,48CBDC8A-750A-40B3-BC8F-25DA2E672FD7,25609,SU_SurfaceWater_Area,94130,Havant,35153
194,92FBB201-09D6-43F2-A5F8-B68CCF1AAD20,25609,TQ_SurfaceWater_Area,55264,Kensington and Chelsea,6738
195,40A09B19-A48A-4F55-87D3-74E150248716,25609,NO_SurfaceWater_Area,149525,Glenrothes,36776
196,521EF577-ED4D-4892-B31A-95DC173B0624,25609,TF_SurfaceWater_Area,617585,Boston,183861
197,D7E3E72C-22B6-44F9-B04E-424FE991AA5E,25609,TQ_SurfaceWater_Area,354743,Chafford Hundred and West Thurrock,27390
198,A785E8E8-2561-4259-BA21-2898C3C54D50,25609,SK_SurfaceWater_Area,1037189,Lincoln,119957
199,92FBB201-09D6-43F2-A5F8-B68CCF1AAD20,25609,TQ_SurfaceWater_Area,49894,Hammersmith and Fulham,5953
200,C6A65CC3-80A2-4985-A41B-5FA94373A62D,25609,SU_SurfaceWater_Area,65840,Fareham,19853
201,9BF2C29B-6CC8-4901-9C35-D239605C71F9,25609,SE_SurfaceWater_Area,1300021,Leeds,183902
202,C104C56D-AB24-4289-B0D2-031DD17A93CD,25609,ST_SurfaceWater_Area,72513,Yeovil,21558
203,6427B11C-6C4D-4D16-8559-31BA3F382B85,25609,SJ_SurfaceWater_Area,374479,Denton (Tameside),27981
204,08BEDDF1-53D7-4926-8B89-08652359ACD2,25609,NS_SurfaceWater_Area,365306,Paisley,38023
205,47BAEF0C-3B64-40EF-8CC4-7A5423BCB5C6,25609,ST_SurfaceWater_Area,129266,Pontypool,37412
206,DC57AC1B-3059-42EF-BA0C-59B3F55A89EF,25609,SU_SurfaceWater_Area,132744,Bracknell,21891
207,B2697BFB-013D-4BC6-8BFA-27808476489A,25609,TL_SurfaceWater_Area,130117,Braintree,34394
208,6179170F-861A-458C-9977-31C1CFAA6681,25609,SP_SurfaceWater_Area,166483,Bedworth,27455
209,AFE75AA6-F992-4251-BFA5-EA05C2936921,25609,TQ_SurfaceWater_Area,146392,Horsham,43169
210,19739854-0542-474E-B34F-6C68EA339E32,25609,ST_SurfaceWater_Area,170455,Caerphilly,37674
211,E59E925C-724D-4D17-84E0-B2D137B51BFE,25609,SE_SurfaceWater_Area,30649,Pudsey,11522
212,04151856-0E4D-491F-9CC6-09158CE4A77D,25609,SP_SurfaceWater_Area,181063,Witney,42954
213,25BCD8E8-46E5-4BC5-9587-887CA34A7822,25609,NO_SurfaceWater_Area,51824,Arbroath,14854
214,6B18DC26-784E-438A-9973-9F656EAF5F6F,25609,NZ_SurfaceWater_Area,54949,Gateshead,11704
215,F02C4DF1-B3B1-47FE-ABC4-F5A86147329F,25609,SK_SurfaceWater_Area,757376,Leicester,152009
216,1AB2E51E-15A4-42A9-A7BE-5968D5D91DF6,25609,TQ_SurfaceWater_Area,279080,Basildon,44590
217,5778E76D-EDC3-4A0F-BCD2-E8828F3319CF,25609,SP_SurfaceWater_Area,141953,Smethwick,22654
218,F090ECEA-7787-4248-84E1-32BE5BBB74E1,25609,SP_SurfaceWater_Area,45175,Carterton,22905
219,C4346A6B-8516-402E-840F-FB0F62637E2F,25609,SP_SurfaceWater_Area,334101,Warwick,52328
220,87ACCE25-85CA-4359-BB20-F01E02CA2338,25609,TL_SurfaceWater_Area,30365,Harpenden,8866
221,85CF77A5-8A0B-4F79-B96D-45586EE16B76,25609,SU_SurfaceWater_Area,447335,Newbury,63279
222,C4346A6B-8516-402E-840F-FB0F62637E2F,25609,SP_SurfaceWater_Area,211429,Royal Leamington Spa,27235
223,23F43C70-8899-4A4A-A0F2-07F97C352434,25609,TQ_SurfaceWater_Area,1417014,Enfield,182323
224,FC5D41C0-71FF-4E77-B161-125D43DA4C50,25609,TL_SurfaceWater_Area,374063,Maldon,41603
225,C52FED44-861E-4124-B5A9-A0B14E51B241,25609,TL_SurfaceWater_Area,198979,March,90722
226,07C99B77-0762-4AC7-ABE7-22F543895A90,25609,SD_SurfaceWater_Area,175612,Horwich,32515
227,63F63830-7194-487E-BE9D-22A41B64E6A8,25609,SU_SurfaceWater_Area,62152,Didcot,25028
228,344D18C0-2EA5-413E-811F-26CBDA964D1F,25609,SK_SurfaceWater_Area,855530,Nottingham,96477
229,07C7225A-38CE-4446-B255-DC9AB8A14D18,25609,SJ_SurfaceWater_Area,119891,Altrincham,36689
230,1ED107E8-917D-4A0D-9914-F2938485D55E,25609,SJ_SurfaceWater_Area,434724,Chester,82205
231,E2159113-F9BB-4197-93C6-725035771FD9,25609,SP_SurfaceWater_Area,297926,Aylesbury,90061
232,0C113691-5911-4E05-BDD0-17ADE77FACEB,25609,SD_SurfaceWater_Area,333558,Burnley,62590
233,DDF27B33-7CD9-4044-948C-659347641930,25609,TQ_SurfaceWater_Area,311356,Greenwich,44274
234,09AC46E8-B5CF-4846-A94A-706D651AE8E0,25609,SU_SurfaceWater_Area,1447349,Reading,152874
235,1B053079-C8E3-4CFB-AD26-947A13A5B2A6,25609,SX_SurfaceWater_Area,405397,Plymouth,72140
236,BC980D41-2E50-4A64-8902-01022961BCD1,25609,TQ_SurfaceWater_Area,49194,Loughton,17865
237,7CFB5036-754D-47FE-B748-F070775A123E,25609,SJ_SurfaceWater_Area,170069,Rhyl,18075
238,A4E998BD-5E77-41F7-A03B-7CDAFDEE14E8,25609,NO_SurfaceWater_Area,263756,Dundee,43762
239,95DC48DD-AF13-4A19-B860-3FA268B1CE7E,25609,SK_SurfaceWater_Area,461738,Newark-on-Trent,44724
240,E264D0C1-71CA-49DD-9D29-E0D8C8023DC4,25609,SJ_SurfaceWater_Area,143341,Wilmslow,38280
241,886ACAFE-58FA-48AA-8838-7766B5C68C80,25609,ST_SurfaceWater_Area,537116,Bridgwater,170755
242,C97C3862-3079-4556-9997-EC4ECA409230,25609,SE_SurfaceWater_Area,33906,Pontefract,7296
243,4128D0BC-BA1F-42AF-B671-017211C4CB23,25609,SD_SurfaceWater_Area,139941,Bamber Bridge,32578
244,5D26D8DA-7516-450C-86AC-541691347592,25609,NY_SurfaceWater_Area,437215,Carlisle,51382
245,47677C9E-DC1F-4C52-B5B1-736A404F449B,25609,TQ_SurfaceWater_Area,8737,Caterham,744
246,BDD131F9-E796-46FC-ACA6-285523B5E8D4,25609,TQ_SurfaceWater_Area,280461,Tonbridge,55312
247,D1DEF7AA-091E-4737-BDB1-C24506DE03D5,25609,SJ_SurfaceWater_Area,191325,Walsall,43083
248,9E61AE41-6D1C-4CBB-9F07-0F470B5AC4CC,25609,NZ_SurfaceWater_Area,133216,Washington,19583
249,94DFAECE-1307-45A1-9C45-946E9C607D81,25609,SO_SurfaceWater_Area,243310,Merthyr Tydfil,52159
250,2EDB8260-C78D-40C7-8962-3B870EF5DF87,25609,TQ_SurfaceWater_Area,95839,Cobham (Elmbridge),14410
251,47BAEF0C-3B64-40EF-8CC4-7A5423BCB5C6,25609,ST_SurfaceWater_Area,183561,Cwmbr√¢n,58027
252,8B176A85-F201-43D1-AF28-63F1694108E4,25609,TL_SurfaceWater_Area,309785,Cheshunt,45247
253,02C285FD-2255-421A-B212-E43BFABC623D,25609,NS_SurfaceWater_Area,323673,Irvine,35658
254,55CCF305-12AD-4A1A-901D-A732A92E5CA5,25609,TF_SurfaceWater_Area,550029,Spalding,117133
255,AF4074C7-DC6C-4AE2-86F6-3FCA3B78275A,25609,SK_SurfaceWater_Area,175011,Melton Mowbray,33138
256,3F83226D-7889-4185-9D65-5A5F3429211B,25609,SP_SurfaceWater_Area,211260,Evesham,22656
257,2EDB8260-C78D-40C7-8962-3B870EF5DF87,25609,TQ_SurfaceWater_Area,199369,Byfleet,31455
258,DCA782AE-E6CC-4A8E-B1FD-9D21D7BCE4A6,25609,SU_SurfaceWater_Area,69428,Amersham,17032
259,DE135381-E796-44B9-92A1-B3539F3B7162,25609,NS_SurfaceWater_Area,75230,Bellshill,18750
260,3396EF04-0443-4BA6-B6CD-ED9387D2137F,25609,NJ_SurfaceWater_Area,812189,Aberdeen,80567
261,9E61AE41-6D1C-4CBB-9F07-0F470B5AC4CC,25609,NZ_SurfaceWater_Area,154298,Chester-le-Street,19637
262,03BB570C-3698-4825-9662-FCDD9F1B9423,25609,NK_SurfaceWater_Area,17958,Peterhead,2830
263,30F42818-6246-46B6-9155-353F05CB750A,25609,SU_SurfaceWater_Area,222814,Wokingham,35486
264,6340D816-37B7-4453-B000-4F8E9D3E470F,25609,SO_SurfaceWater_Area,276000,Brierley Hill,36825
265,38D60027-15F6-4A8F-8683-C5620963A6ED,25609,SJ_SurfaceWater_Area,887194,Ellesmere Port,88472
266,FC557A87-962C-4EE2-B913-6E53D1458647,25609,SZ_SurfaceWater_Area,219031,Bournemouth,42618
267,8985AAF4-4339-4E88-98C8-3F910816615D,25609,SJ_SurfaceWater_Area,408394,Eccles (Salford),37289
268,E59E925C-724D-4D17-84E0-B2D137B51BFE,25609,SE_SurfaceWater_Area,371656,Bradford,66405
269,4B8D704F-E839-4AEA-9873-8E9CA24ED8C2,25609,SP_SurfaceWater_Area,313073,Bletchley,39385
270,70726D23-38E5-47A7-8496-2E15AE02540E,25609,SJ_SurfaceWater_Area,373928,Leigh (Wigan),65225
271,F403CADB-9BF1-4C81-9884-D72BC3BDFCFB,25609,TQ_SurfaceWater_Area,75156,Croydon,14759
272,53B72B4B-208A-4E51-9372-C8CF8D861098,25609,SO_SurfaceWater_Area,233582,Droitwich Spa,35210
273,379B6C14-51ED-4105-B22B-19E8E54228A9,25609,SK_SurfaceWater_Area,325617,Ilkeston,59526
274,C7170EBC-50FF-45DB-85A1-2D40F2FE516C,25609,SU_SurfaceWater_Area,15086,Horndean,2942
275,760E9B0C-6020-4D78-B3A0-23B08567EF9A,25609,NZ_SurfaceWater_Area,17945,South Shields,4021
276,F88B17D6-1936-4E7D-9D38-9CD78ACFBE9F,25609,SP_SurfaceWater_Area,85529,Market Harborough,23869
277,D35BF0BC-5D54-4F8C-962B-E0644AF6A419,25609,SJ_SurfaceWater_Area,642137,Widnes,53028
278,8B176A85-F201-43D1-AF28-63F1694108E4,25609,TL_SurfaceWater_Area,973904,Hoddesdon,102547
279,9C8DECC5-862A-4DB6-B230-C5CAC38DBD18,25609,NT_SurfaceWater_Area,1494912,Edinburgh,174779
280,ACB7D0A4-FC33-4472-A7EA-A4BA4AB18677,25609,SD_SurfaceWater_Area,346056,Lancaster,35592
281,CCDADFB4-CCC0-4696-9D8E-6139C255B497,25609,SJ_SurfaceWater_Area,478837,Stafford,139338
282,F05DC111-65AD-4379-98F0-01B0A6EA27A8,25609,SE_SurfaceWater_Area,597849,Huddersfield,100763
283,3342A25A-4570-4E26-9AF2-6485466D7E77,25609,NS_SurfaceWater_Area,160312,Bearsden,25857
284,07C7225A-38CE-4446-B255-DC9AB8A14D18,25609,SJ_SurfaceWater_Area,323223,Sale,46214
285,621C1F67-82D8-4657-A759-6A0A64D2DEBA,25609,SJ_SurfaceWater_Area,94679,Wrexham,25830
286,EA075B59-6E0C-4A49-BEB3-CFFB9F1026D4,25609,SS_SurfaceWater_Area,776198,Port Talbot,65209
287,4DFB27C7-E0A8-47D1-BB9B-5B62149E4F77,25609,SD_SurfaceWater_Area,950623,Barrow-in-Furness,39435
288,DFA94A5F-11F1-4B0E-BA0B-FC0488BFAA18,25609,SU_SurfaceWater_Area,380993,Farnborough,85634
289,E59E925C-724D-4D17-84E0-B2D137B51BFE,25609,SE_SurfaceWater_Area,254378,Brighouse,39651
290,75CB2D48-8C89-4DF3-8B95-2DB7E061F85B,25609,NT_SurfaceWater_Area,177527,Kirkcaldy,22283
291,91A5BB29-DAA1-40DF-91EC-257BC2E83088,25609,SJ_SurfaceWater_Area,123904,Newcastle-under-Lyme,34023
292,D7E3E72C-22B6-44F9-B04E-424FE991AA5E,25609,TQ_SurfaceWater_Area,43069,Grays,17147
293,77472CF1-E931-4B40-80B1-FEB8BE2624A4,25609,SU_SurfaceWater_Area,358671,Fleet,40340
294,BCB99F8E-0FF3-4303-9553-9646A0B72BB8,25609,TQ_SurfaceWater_Area,45586,Worthing,15762
295,4C21AD4B-E089-4471-BC6D-CA49500D6D3E,25609,SX_SurfaceWater_Area,609634,Exeter,106878
296,1A25A3CB-0A1D-4148-87E6-5BD7817839B8,25609,SP_SurfaceWater_Area,214113,Stratford-upon-Avon,30470
297,E00A6AF7-326F-4ABB-8B20-A659EACCEBA3,25609,TQ_SurfaceWater_Area,915796,West Molesey,58253
298,355DBC76-A1A8-441A-A778-B625972438D7,25609,SS_SurfaceWater_Area,148035,Bridgend,34161
299,B4068832-8A30-4592-A776-851944F7753F,25609,SO_SurfaceWater_Area,332817,Aberdare,81403
300,BAAEA99A-81D3-4727-B4B5-846C4D2B035F,25609,SU_SurfaceWater_Area,414050,Swindon (Swindon),121529
301,60CF538B-90E3-44C1-BFF0-0D15BAF197CF,25609,SO_SurfaceWater_Area,524747,Wolverhampton,103782
302,03E11526-F923-4C4B-9400-5BD74FDBA52E,25609,NZ_SurfaceWater_Area,49273,Consett,17495
303,69AD140C-4527-4826-AE01-40928947FC63,25609,SP_SurfaceWater_Area,233999,Redditch,60786
304,BD2BE4CA-D6D2-4F97-A8FC-1FFBDE1AA102,25609,SK_SurfaceWater_Area,250313,Mansfield,22175
305,C5122E8C-284D-47A2-903D-A520CEF3B5C8,25609,NY_SurfaceWater_Area,34332,Hilton (Eden),7275
306,0D73A8AF-7AAC-45F1-A152-9779A39A4B5B,25609,TM_SurfaceWater_Area,114889,Stowmarket,33662
307,5778E76D-EDC3-4A0F-BCD2-E8828F3319CF,25609,SP_SurfaceWater_Area,102939,Halesowen,33354
308,4928E1B4-A275-45AB-B474-2AF1ACCFC7F2,25609,SD_SurfaceWater_Area,631551,Blackburn (Blackburn with Darwen),84729
309,E2298683-4DD7-4904-8F89-EAC93236A734,25609,NS_SurfaceWater_Area,41570,Prestwick,21055
310,42D7221D-C7E5-4015-BE2C-7D272C1BE043,25609,SW_SurfaceWater_Area,29217,Newquay,8976
311,92E2B47B-E6DD-4973-B373-69607A57F360,25609,SU_SurfaceWater_Area,44786,Chandler's Ford,21549
312,7EAB37CF-7E34-4430-979C-722E0ED34E5C,25609,SE_SurfaceWater_Area,721536,York,75742
313,8D18097A-64D0-41FF-816A-DA47DA1CF5B8,25609,TQ_SurfaceWater_Area,53307,Billericay,10280
314,32D82E52-2B3F-4CC7-AE41-2696F53D1EE9,25609,SU_SurfaceWater_Area,5691,Hazlemere,762
315,AAABDCA1-61DA-4CA2-93E1-31A86AE36382,25609,TL_SurfaceWater_Area,49565,Mildenhall (West Suffolk),19074
316,1FB143B0-1D2C-4B21-8FAB-67696C86FF10,25609,SD_SurfaceWater_Area,179199,Ashton-under-Lyne,33873
317,4128D0BC-BA1F-42AF-B671-017211C4CB23,25609,SD_SurfaceWater_Area,322264,Preston (Preston),42529
318,92AD5857-EB98-46B7-BEEB-8B5970B9723A,25609,NS_SurfaceWater_Area,285025,Cambuslang,21767
319,DF64AF3E-A8F0-4B1F-9EDC-70EFCD574EE3,25609,SD_SurfaceWater_Area,137199,Lytham St Anne's,28168
320,7EEB4567-696D-410F-8944-5A09671BEDDD,25609,SE_SurfaceWater_Area,729225,Wath upon Dearne,55442
321,0ED9C0A6-16A3-42B9-8046-EE16770FD381,25609,TL_SurfaceWater_Area,6524,Newmarket,6593
322,6B301033-C029-4924-B01C-C02207DC39EA,25609,TQ_SurfaceWater_Area,132063,Reigate,8323
323,79DE3F4F-A152-42CA-8B1A-4C137A26A323,25609,SS_SurfaceWater_Area,1554923,Swansea,111977
324,71BB45EE-90A1-41E8-A42F-22EBBB452820,25609,SJ_SurfaceWater_Area,130460,Crewe,42723
325,BC3FCB1B-FBC4-46EB-9555-33FDD4E31CD8,25609,TR_SurfaceWater_Area,44431,Whitstable,20758
326,E547EBFB-3BCE-4B16-BCA0-6D6AE5A0C2B0,25609,TQ_SurfaceWater_Area,87879,Bexhill-on-Sea,18464
327,AD7CBC39-2970-409E-A9DF-BFA78DE3C93B,25609,TA_SurfaceWater_Area,56734,Beverley,22220
328,081F1E4A-50B4-4125-8215-C725DC548326,25609,SO_SurfaceWater_Area,333425,Gloucester,86064
329,FFBCA3BC-D11E-4133-B166-12CE63E95654,25609,SU_SurfaceWater_Area,214755,Totton,27456
330,F2865F38-02A5-4245-9ACC-5F5743C8590F,25609,SJ_SurfaceWater_Area,411966,Congleton,47925
331,4CEF8AC3-67E2-4709-A74D-5D6DDDABEA6C,25609,SO_SurfaceWater_Area,253669,Kidderminster,49559
332,DD77C0CB-54AD-4D48-A4BA-01770D8BE5C0,25609,NH_SurfaceWater_Area,579035,Inverness,62874
333,B8EB71EB-24FC-4B6A-AE37-D03EBE649B5E,25609,NX_SurfaceWater_Area,209252,Dumfries,28017
334,FBC9CB28-2B7A-46A5-84BA-5985872E629A,25609,TQ_SurfaceWater_Area,296788,Woking,67588
335,46732686-9497-4CA1-924C-D02BD7F3C43E,25609,SJ_SurfaceWater_Area,720449,Birkenhead,42047
336,7D9813B4-A44B-458D-B8BD-36D1ECC6B293,25609,NS_SurfaceWater_Area,67146,Greenock,16550
337,9CF0965C-941B-4C7E-8057-3080E8A46CB4,25609,TQ_SurfaceWater_Area,108742,Great Bookham and Fetcham,12662
338,0D857164-D2E6-4840-99ED-4A0EAAB928D0,25609,ST_SurfaceWater_Area,105279,Yate,26059
339,6179170F-861A-458C-9977-31C1CFAA6681,25609,SP_SurfaceWater_Area,839896,Coventry,194502
340,773FFC02-B71E-4235-8DC0-16B294EB7176,25609,ST_SurfaceWater_Area,268552,Taunton,77123
341,05EE1DFF-D219-46C2-8D92-72273A2D1C25,25609,TL_SurfaceWater_Area,655798,Cambridge (Cambridge),101495
342,1B87A83B-23B0-4384-8622-2C698E400DCE,25609,TQ_SurfaceWater_Area,66951,Rustington,23379
343,63F32E29-76DB-42C8-9D61-22F7AAD37389,25609,SK_SurfaceWater_Area,563887,Beeston (Broxtowe),40409
344,E84BE965-2141-4251-8C25-8DD220097F5A,25609,SJ_SurfaceWater_Area,225448,Cannock,40396
345,46B6A3D0-C8C4-4734-8AB6-68F97C8E06FE,25609,SJ_SurfaceWater_Area,970567,Telford,96839
346,82FA67A2-5298-4499-97FE-279FDB842B0F,25609,ST_SurfaceWater_Area,2742551,Cardiff,255454
347,46732686-9497-4CA1-924C-D02BD7F3C43E,25609,SJ_SurfaceWater_Area,728633,Wallasey,38248
348,9E7A990E-3EE5-47F3-8E13-D3262419F36A,25609,SO_SurfaceWater_Area,472858,Hereford,50246
349,5778E76D-EDC3-4A0F-BCD2-E8828F3319CF,25609,SP_SurfaceWater_Area,324924,Royal Sutton Coldfield,35144
350,8985AAF4-4339-4E88-98C8-3F910816615D,25609,SJ_SurfaceWater_Area,368253,Urmston,34672
351,B6498ED0-A1BB-487C-BA37-59DDAB19537E,25609,SP_SurfaceWater_Area,183242,Hinckley,30032
352,C25BD8D9-AB3E-48CA-95AB-9FE302FE690A,25609,SP_SurfaceWater_Area,85657,Kenilworth,24444
353,D64BD0FE-522D-4553-B9E6-A6173A1A4736,25609,TL_SurfaceWater_Area,172125,Thetford,34488
354,87AC6650-23A5-4911-94BD-BE5602028BE3,25609,SK_SurfaceWater_Area,205585,Rugeley,36720
355,7910CEBF-E703-4173-8596-23CD0791D461,25609,TQ_SurfaceWater_Area,366745,Sutton (Sutton),54966
356,DBC17413-D55B-4C18-9164-CD35451350A2,25609,SO_SurfaceWater_Area,181087,Rowley Regis,25593
357,5778E76D-EDC3-4A0F-BCD2-E8828F3319CF,25609,SP_SurfaceWater_Area,463791,West Bromwich,81413
358,6B18DC26-784E-438A-9973-9F656EAF5F6F,25609,NZ_SurfaceWater_Area,193552,Newcastle upon Tyne,49512
359,87534CC3-9C9F-49E6-8845-EA653A4C1CDE,25609,SU_SurfaceWater_Area,182358,Andover,27317
360,8420FC93-BF9A-4E31-8DD8-A0C4E99B8B6D,25609,TR_SurfaceWater_Area,36000,Folkestone,6563
361,6427B11C-6C4D-4D16-8559-31BA3F382B85,25609,SJ_SurfaceWater_Area,305360,Stockport,39943
362,D9021843-F8E3-47E1-896D-19E99D567D5C,25609,SD_SurfaceWater_Area,30673,Ormskirk,8806
363,ADCCA54A-45E9-42E9-B315-DB27438CFD5F,25609,SD_SurfaceWater_Area,45568,Golborne,14276
364,431FA5D2-CB88-4AE8-A0B2-316BE6F17BD3,25609,NS_SurfaceWater_Area,122656,Larbert and Stenhousemuir,19484
365,DC3A3169-3928-402A-856B-A620259CB3E6,25609,NS_SurfaceWater_Area,139303,Stirling,15192
366,18A72ADC-DB5B-42FE-8B9C-6803C56B6D5D,25609,NZ_SurfaceWater_Area,313134,Hartlepool,44698
367,15772EF9-B7EF-494D-A4D3-90978C32566A,25609,NJ_SurfaceWater_Area,187046,Elgin,44307
368,92E2B47B-E6DD-4973-B373-69607A57F360,25609,SU_SurfaceWater_Area,298306,Eastleigh,62826
369,F8205A02-5FF8-4AC6-9A68-ED294CD2DCF6,25609,TQ_SurfaceWater_Area,242021,Sittingbourne,50331
370,7A66548B-C79E-4DEB-86D0-0165C39C6AB0,25609,SS_SurfaceWater_Area,334816,Llanelli,59813
371,6FDDF424-631C-4B1F-AF1C-86F94FBCCA09,25609,TA_SurfaceWater_Area,233206,Scarborough,21311
372,D76C6B7F-4AD0-409B-ABA0-674B72AEA180,25609,SU_SurfaceWater_Area,408446,Windsor,30721
373,09B062B2-FAE9-47B1-8267-31142C18C807,25609,SD_SurfaceWater_Area,97911,Fulwood,39735
374,03B6D329-63A0-45D3-9946-6B69CDA4E008,25609,NZ_SurfaceWater_Area,55073,Cramlington,10148
375,344D18C0-2EA5-413E-811F-26CBDA964D1F,25609,SK_SurfaceWater_Area,16763,Arnold,2567
376,C08E21E7-627D-4B85-8B29-183D4C5910F2,25609,SW_SurfaceWater_Area,27979,Truro,12209
377,FE791565-704D-4297-9A1D-C120F740E396,25609,TR_SurfaceWater_Area,465926,Ashford (Ashford),105665
378,BCB99F8E-0FF3-4303-9553-9646A0B72BB8,25609,TQ_SurfaceWater_Area,170991,Lancing and Sompting,53870
379,39BA0750-28ED-4B20-A43F-FEDD0C8A87DF,25609,SD_SurfaceWater_Area,139690,Heywood,20035
380,558B0F7F-15DA-4A6E-A63B-4EF64B684EEC,25609,ST_SurfaceWater_Area,424791,Pontypridd,55518
381,DF64AF3E-A8F0-4B1F-9EDC-70EFCD574EE3,25609,SD_SurfaceWater_Area,347138,Blackpool,72204
382,BBAD8487-FDDA-41F3-A9E7-831CCAF7D0C5,25609,SK_SurfaceWater_Area,94265,Lichfield,9835
383,B44C66F5-4892-4FC1-8ECD-99EC81E73A7E,25609,SK_SurfaceWater_Area,282850,Retford,43254
384,5D347935-373C-4A5B-8F83-87EC46807F18,25609,SK_SurfaceWater_Area,966542,Burton upon Trent,109923
385,5BE94ACD-45B9-4CD6-A855-7D35758392A0,25609,SK_SurfaceWater_Area,1030279,Sheffield,211343
386,92C9580A-045D-442B-8CE3-1B08BD9EB733,25609,TQ_SurfaceWater_Area,229082,Southwark,13697
387,23F43C70-8899-4A4A-A0F2-07F97C352434,25609,TQ_SurfaceWater_Area,511833,Haringey,43371
388,B35AB32D-AF58-4631-9001-AEB0A9A5A299,25609,SX_SurfaceWater_Area,59360,Paignton,15412
389,723A3569-164B-44AC-9AEC-B975F2969215,25609,NZ_SurfaceWater_Area,65946,Newton Aycliffe,19535
390,A1FA026F-E7CC-407B-9320-47F6E6FE660B,25609,TF_SurfaceWater_Area,334370,King's Lynn,119820
391,04F45D66-2B1D-4595-B282-34A918567D5E,25609,TM_SurfaceWater_Area,138354,Lowestoft,35717
392,46EB8C73-2693-44C7-AB6D-747EA8B64E20,25609,SK_SurfaceWater_Area,67044,Gainsborough,20040
393,8E51303C-C75C-4492-8DDC-C34FE0AD2785,25609,SH_SurfaceWater_Area,57736,Colwyn Bay,30544
394,FEF7920F-3655-4F29-A422-45BF8CE298DC,25609,SZ_SurfaceWater_Area,78876,Newport (Isle of Wight),23323
395,C82F9D95-C86F-45E5-BE5B-92778A1569E9,25609,SD_SurfaceWater_Area,643636,Southport,80888
396,632F6835-FF92-4910-A678-3F4796901ED4,25609,TQ_SurfaceWater_Area,66837,Thundersley and South Benfleet,16437
397,7EC10850-8BF5-461E-B6C6-2ADAA40F0128,25609,SU_SurfaceWater_Area,401943,Salisbury,130178
398,F49AB281-1B46-49E4-ABF7-A3548A451FD2,25609,TQ_SurfaceWater_Area,526626,Eastbourne,104513
399,1BF3B7C0-6D0A-4AED-9583-43171972AA34,25609,SU_SurfaceWater_Area,125869,Bognor Regis,63987
400,D06F75B0-B9B4-49EB-A0F2-12D3CC4EEDB6,25609,SY_SurfaceWater_Area,324078,Weymouth,70763
401,63F32E29-76DB-42C8-9D61-22F7AAD37389,25609,SK_SurfaceWater_Area,1030964,Long Eaton,59180
402,E8FC66B4-6AB3-4CF6-8680-003CD807D1E5,25609,TQ_SurfaceWater_Area,2056527,Staines-upon-Thames,103885
403,ABEE8390-1260-48F6-87E0-FEDC0E296482,25609,SU_SurfaceWater_Area,144585,Camberley,31677
404,DF2F58EF-FB9C-42DC-83A0-724592964D20,25609,TV_SurfaceWater_Area,13068,Seaford,8353
405,6E362E1F-949C-4B44-8A7A-ADDF804A04CB,25609,SS_SurfaceWater_Area,84338,Barnstaple,37368
406,B3CA8C1B-5290-4E0E-A4A4-A94B36D6589B,25609,SU_SurfaceWater_Area,335580,Winchester,118499
407,4BE11F65-FB09-48C2-851B-259E62CE01FB,25609,SD_SurfaceWater_Area,353015,Rochdale,81782
408,CB350DED-3D2D-4A53-A150-FC742AB4548A,25609,TL_SurfaceWater_Area,369156,St Neots,49924
409,28B58BED-FC5A-4539-A75F-44998B2E5B18,25609,TQ_SurfaceWater_Area,791754,Tower Hamlets,58792
410,7AFBDB11-4335-43B0-A87E-B21A1FB0E899,25609,NS_SurfaceWater_Area,72572,Wishaw,13033
411,94D0238A-DBF4-4A46-97F7-6AD0419D5A04,25609,TQ_SurfaceWater_Area,391180,Maidstone,44072
412,08BEDDF1-53D7-4926-8B89-08652359ACD2,25609,NS_SurfaceWater_Area,12785,Renfrew,1804
413,2B3E0FEB-FF59-4BE3-A1C2-0F413391446F,25609,TA_SurfaceWater_Area,21379,Willerby and Anlaby,10162
414,3E4A66C6-E23A-4A09-928A-5745B293FBE7,25609,SJ_SurfaceWater_Area,707165,Shrewsbury,79691
415,635EB4B3-ACC2-4001-B2DB-C5662503BFB3,25609,SO_SurfaceWater_Area,52384,Bromsgrove,27642
416,254F6A35-3E42-4743-B757-5FFAEBF62DF3,25609,SU_SurfaceWater_Area,532567,Portsmouth,34500
417,760E9B0C-6020-4D78-B3A0-23B08567EF9A,25609,NZ_SurfaceWater_Area,29786,Jarrow,12077
418,7E97085C-B576-4601-B228-0AA99166F8E2,25609,ST_SurfaceWater_Area,1209583,Avonmouth,183310
419,1F73EE5A-EE6F-48D9-891A-610E489A2C4C,25609,SE_SurfaceWater_Area,19169,Morley (Leeds),5623
420,03DA8DF3-6245-404C-A5B2-4C14D275FD8A,25609,SE_SurfaceWater_Area,270881,Keighley,42740
421,BEE8E176-8FEE-4DA9-8C87-961C489AC7B6,25609,SX_SurfaceWater_Area,60108,St Austell,23232
422,A956AF5C-9D61-4958-A806-22EB974F4271,25609,SP_SurfaceWater_Area,101407,Bicester,35991
423,B56910BB-4170-4C0A-80DC-666846DD1992,25609,TL_SurfaceWater_Area,881430,Bedford,96632
424,60CF538B-90E3-44C1-BFF0-0D15BAF197CF,25609,SO_SurfaceWater_Area,201478,Bilston (Wolverhampton),23270
425,D1DEF7AA-091E-4737-BDB1-C24506DE03D5,25609,SJ_SurfaceWater_Area,307634,Bloxwich,44429
426,9109C630-A291-4033-B86A-D58C2E389FF5,25609,NS_SurfaceWater_Area,220044,Kilmarnock,31395
427,8B735798-49DA-41E6-94EA-87E55A565F41,25609,NO_SurfaceWater_Area,170068,Perth,28468
428,44321B93-059E-4633-B30E-B1AD35D23E39,25609,NS_SurfaceWater_Area,180373,East Kilbride,45727
429,2A2F4BD6-1E85-458C-9096-FAF08E75EBCE,25609,NS_SurfaceWater_Area,33041,Alloa,6507
430,E3059D6A-2EE7-41BF-95BA-B007272EB7E3,25609,TQ_SurfaceWater_Area,72235,Royal Tunbridge Wells,10795
431,48CBDC8A-750A-40B3-BC8F-25DA2E672FD7,25609,SU_SurfaceWater_Area,41997,Waterlooville,16653
432,A3DB3FF1-DE65-4FDC-B514-B762224561BF,25609,SD_SurfaceWater_Area,202378,Chorley,47359
433,97B7EADE-9886-4C68-8CCD-D603ECD18C7A,25609,SD_SurfaceWater_Area,94397,Accrington,19878
434,EDB95EBA-CF1A-4377-A6D8-F0B93AEEA268,25609,NS_SurfaceWater_Area,367970,Hamilton,62160
435,E9846F16-5BE5-4215-A0CE-F03F21EDEC49,25609,SK_SurfaceWater_Area,163620,Heanor,25672
436,78C22A6C-8EA3-45B2-BB79-21408D82C1DC,25609,SK_SurfaceWater_Area,43118,Coalville,9952
437,BB87D0FE-78A3-4D79-8FAD-D17B6633376E,25609,TM_SurfaceWater_Area,288884,Colchester,46361
438,94D0238A-DBF4-4A46-97F7-6AD0419D5A04,25609,TQ_SurfaceWater_Area,581642,Larkfield,28976
439,C6A65CC3-80A2-4985-A41B-5FA94373A62D,25609,SU_SurfaceWater_Area,129474,Locks Heath,24700
440,F2F42F7B-0306-430E-99E8-D4C660FEAE42,25609,TM_SurfaceWater_Area,353150,Ipswich,50574
441,A8CB50D0-7D49-479B-BAC6-72AD15CC5A9B,25609,SP_SurfaceWater_Area,315574,Leighton Buzzard,42404
442,3E6968AE-E986-4719-AB7F-B6FFE99BC608,25609,SE_SurfaceWater_Area,457770,Scunthorpe,62829
443,91A5BB29-DAA1-40DF-91EC-257BC2E83088,25609,SJ_SurfaceWater_Area,1047839,Stoke-on-Trent,189549
444,38D60027-15F6-4A8F-8683-C5620963A6ED,25609,SJ_SurfaceWater_Area,267776,Bebington,36015
445,8160EB19-6245-42C4-B97C-F881AC8278B9,25609,SO_SurfaceWater_Area,639084,Worcester,84624
446,283B07D1-AF1E-4D0C-AB10-CF275E482A3D,25609,SU_SurfaceWater_Area,1063322,Maidenhead,65427
447,2D3FF199-B68F-47AC-A662-9CF1884A3A8E,25609,TL_SurfaceWater_Area,169796,Bury St Edmunds,52955
448,D9276D29-E5B2-4570-A053-D69C48FD2CF3,25609,SU_SurfaceWater_Area,509745,Chichester,36159
449,66BFE28F-56D3-4733-8BB5-CB08886F1666,25609,ST_SurfaceWater_Area,360682,Bath,42273
450,60CF538B-90E3-44C1-BFF0-0D15BAF197CF,25609,SO_SurfaceWater_Area,167183,Willenhall,30229
451,13E6C6C4-C759-4A00-80DD-F33CC8F05A67,25609,SP_SurfaceWater_Area,234938,Daventry,14042
452,79BC7F7C-C2C1-457A-BD54-58AF9EB0C0B2,25609,TL_SurfaceWater_Area,231571,Huntingdon,32000
453,D3CB543D-DC82-470E-A815-C63724D18727,25609,SO_SurfaceWater_Area,35944,Great Malvern,14357
454,8AD45C54-A262-4F53-89B2-AAD3C6465AC0,25609,TL_SurfaceWater_Area,286482,Harlow,71900
455,08BEDDF1-53D7-4926-8B89-08652359ACD2,25609,NS_SurfaceWater_Area,66838,Newton Mearns,25859
456,DFA94A5F-11F1-4B0E-BA0B-FC0488BFAA18,25609,SU_SurfaceWater_Area,709267,Ash and Ash Vale,60208
457,FE22B934-0837-441E-82DE-B2844A73ECD2,25609,TA_SurfaceWater_Area,423376,North Killingholme,71467
458,A7D72793-4B39-4C68-9DF1-FFA4DA97DEAF,25609,TQ_SurfaceWater_Area,16132,Rochester,5241
459,67320399-D06A-4789-88E4-267D6F23B987,25609,NZ_SurfaceWater_Area,305372,Sunderland,26688
460,632F6835-FF92-4910-A678-3F4796901ED4,25609,TQ_SurfaceWater_Area,73862,Rayleigh,14242
461,B174B525-E80B-42C0-A01B-E49E79365C50,25609,SJ_SurfaceWater_Area,760453,Crosby (Sefton),21261
462,B62CA691-B994-4B90-8615-0707906D6C63,25609,TR_SurfaceWater_Area,951,Broadstairs,134
463,C6A65CC3-80A2-4985-A41B-5FA94373A62D,25609,SU_SurfaceWater_Area,207621,Gosport,29386
464,85FE2F1E-A507-431E-8026-6689F2214061,25609,SJ_SurfaceWater_Area,1368297,Warrington,192311
465,F37BCFC7-2403-4E3D-8EEB-FDC6070483B1,25609,SY_SurfaceWater_Area,27442,Exmouth,17801
466,BC448C51-8F2E-4966-9668-A458813CBDAA,25609,TQ_SurfaceWater_Area,46204,Haywards Heath,22843
467,FC255BEA-C2FB-4E88-A7F2-D0586FD437DD,25609,SD_SurfaceWater_Area,107691,Little Hulton,8343
468,DA1140C7-588B-43A7-B27D-CEE67A6108F3,25609,SD_SurfaceWater_Area,236660,Fleetwood,14803
469,957D69AE-F9C4-4F7E-9490-188BB2439B76,25609,TQ_SurfaceWater_Area,51660,Ewell,17949
470,BC831B04-67DE-4AB1-BBFC-8DFF9DDC261C,25609,TL_SurfaceWater_Area,397094,Chelmsford,68791
471,A80A2998-42CB-4FB8-9495-7E35821BC63C,25609,NZ_SurfaceWater_Area,269980,Middlesbrough,64265
472,DBC17413-D55B-4C18-9164-CD35451350A2,25609,SO_SurfaceWater_Area,17133,Sedgley,6320
473,5D347935-373C-4A5B-8F83-87EC46807F18,25609,SK_SurfaceWater_Area,118876,Swadlincote,16368
474,4382974C-5593-424B-A2DF-6EF09042C1DD,25609,NY_SurfaceWater_Area,214441,Workington,17005
475,006BC59E-122F-419C-901F-E2338A38D21D,25609,NS_SurfaceWater_Area,329102,Cumbernauld,57549
476,B35AB32D-AF58-4631-9001-AEB0A9A5A299,25609,SX_SurfaceWater_Area,32427,Torquay,3088
477,7272FB2E-38E7-4EB2-8C2F-2687D6F415DE,25609,TM_SurfaceWater_Area,72447,Clacton-on-Sea,28386
478,60DDECD5-D805-4599-997B-EC9E20FB7D84,25609,TL_SurfaceWater_Area,78162,Luton,28633
479,B62CA691-B994-4B90-8615-0707906D6C63,25609,TR_SurfaceWater_Area,52121,Margate,2086
480,DC392443-FAA2-4B7C-8444-58E3B909E877,25609,TL_SurfaceWater_Area,132973,Bishop's Stortford,37739
481,3AEFB6A5-87FD-4760-B91E-0E266C4A8665,25609,ST_SurfaceWater_Area,107188,Trowbridge,33868
482,79D95121-82B6-4F8A-B960-9C340E715475,25609,NS_SurfaceWater_Area,147535,Coatbridge,30016
483,2AFAA282-FFD3-4859-A49B-5A76787AE816,25609,TR_SurfaceWater_Area,130622,Dover,16289
484,07C99B77-0762-4AC7-ABE7-22F543895A90,25609,SD_SurfaceWater_Area,956857,Bolton (Bolton),137720
485,28B58BED-FC5A-4539-A75F-44998B2E5B18,25609,TQ_SurfaceWater_Area,68007,Islington,8459
486,B174B525-E80B-42C0-A01B-E49E79365C50,25609,SJ_SurfaceWater_Area,1470335,Liverpool,119394
487,151A1E87-C3F8-4E58-8681-BE21CD40360F,25609,SJ_SurfaceWater_Area,303489,Winsford,16920
488,308C0557-1E83-417C-8D71-0E65798C1D99,25609,SD_SurfaceWater_Area,993825,Manchester,144985
489,B174B525-E80B-42C0-A01B-E49E79365C50,25609,SJ_SurfaceWater_Area,128726,Bootle (Sefton),17591
490,5BE21C64-B131-4125-9243-AF5C68F18143,25609,TQ_SurfaceWater_Area,173348,Canvey Island,60391
491,3F6BBA16-E964-4CC1-91E2-ABACD9AB1BFE,25609,TM_SurfaceWater_Area,9028,Felixstowe,4197
492,BC096AFC-D307-4AE7-8D33-4704F543A18C,25609,NS_SurfaceWater_Area,61073,Grangemouth,12361
493,2B98B718-C32E-484A-939E-68164B3F50D9,25609,TA_SurfaceWater_Area,176772,Grimsby,40917
494,8982B9AC-5D0D-45CB-9CCE-DCC3D58760F1,25609,TQ_SurfaceWater_Area,2768922,Hillingdon,294725
495,D0449061-D056-47ED-9E87-B189A2E2ED91,25609,SU_SurfaceWater_Area,9607,Holbury,5380
496,FE22B934-0837-441E-82DE-B2844A73ECD2,25609,TA_SurfaceWater_Area,28823,Immingham,14377
497,6B8A9FA5-34B2-4223-B786-09BCED64998B,25609,SM_SurfaceWater_Area,127709,Milford Haven,8194
498,5BE21C64-B131-4125-9243-AF5C68F18143,25609,TQ_SurfaceWater_Area,59907,Stanford-le-Hope,10484
499,7F112096-0BEE-4598-BCC1-FB72AF5496FB,25609,TQ_SurfaceWater_Area,54825,Tilbury,29368
500,7DED1D6A-D18F-4838-8318-19CAD9F215C9,25609,NZ_SurfaceWater_Area,47774,Wallsend,12231
